grupo,n_muestras,acc,f1,auc,tn,fp,fn,tp
general,20142,0.9016979445933869,0.9378023496890118,0.976560345267889,3235,125,1855,14927
real,3360,0.9627976190476191,0.0,0.0,3235,125,0,0
fake,16782,0.8894649028721249,0.9414992588854899,0.0,0,0,1855,14927
fake_Deepfakes,3349,0.8945954016124216,0.9443656422379827,0.0,0,0,353,2996
fake_Face2Face,3359,0.9330157785055075,0.965347297089173,0.0,0,0,225,3134
fake_FaceShifter,3360,0.8217261904761904,0.9021401731743179,0.0,0,0,599,2761
fake_FaceSwap,3356,0.9430870083432658,0.9707100138015642,0.0,0,0,191,3165
fake_NeuralTextures,3358,0.8549731983323406,0.9218173061486595,0.0,0,0,487,2871
promedio_fake_tecnicas,16782,0.8894795154539452,0.9408760864903394,0.0,0,0,1855,14927
