{
  "loss": 0.6931449907961749,
  "accuracy": 0.5020685579196218,
  "precision": 0.5020685579196218,
  "recall": 1.0,
  "f1": 0.6685028526460751,
  "kappa": 0.0,
  "auc": 0.5,
  "log_loss": 0.6931449917613073,
  "confusion_matrix_labels": [
    "real",
    "fake"
  ],
  "confusion_matrix": [
    [
      0,
      3370
    ],
    [
      0,
      3398
    ]
  ],
  "tn": 0,
  "fp": 3370,
  "fn": 0,
  "tp": 3398
}