grupo,n_muestras,acc,f1,auc,tn,fp,fn,tp
general,6768,0.5020685579196218,0.6685028526460751,0.5,0,3370,0,3398
