grupo,n_muestras,acc,f1,auc,tn,fp,fn,tp
general,20142,0.9418627743024526,0.9643910597536871,0.983306492287655,3114,246,925,15857
real,3360,0.9267857142857143,0.0,0.0,3114,246,0,0
fake,16782,0.944881420569658,0.9716596709458011,0.0,0,0,925,15857
fake_Deepfakes,3349,0.9504329650641983,0.9745866503368035,0.0,0,0,166,3183
fake_Face2Face,3359,0.9702292348913367,0.9848896947718344,0.0,0,0,100,3259
fake_FaceShifter,3360,0.9544642857142858,0.9767016902695295,0.0,0,0,153,3207
fake_FaceSwap,3356,0.9749702026221693,0.9873264936632469,0.0,0,0,84,3272
fake_NeuralTextures,3358,0.874329958308517,0.9329520177947251,0.0,0,0,422,2936
promedio_fake_tecnicas,16782,0.9448853293201014,0.971291309367228,0.0,0,0,925,15857
