{
  "loss": 0.18099367618757795,
  "accuracy": 0.9418627743024526,
  "precision": 0.9847233434763709,
  "recall": 0.944881420569658,
  "f1": 0.9643910597536871,
  "kappa": 0.8064930907635989,
  "auc": 0.983306492287655,
  "log_loss": 0.1809936765189126,
  "confusion_matrix_labels": [
    "real",
    "fake"
  ],
  "confusion_matrix": [
    [
      3114,
      246
    ],
    [
      925,
      15857
    ]
  ],
  "tn": 3114,
  "fp": 246,
  "fn": 925,
  "tp": 15857
}