{
  "loss": 0.6931515031320266,
  "accuracy": 0.49793144208037826,
  "precision": 0.0,
  "recall": 0.0,
  "f1": 0.0,
  "kappa": 0.0,
  "auc": 0.5,
  "log_loss": 0.6931515063008371,
  "confusion_matrix_labels": [
    "real",
    "fake"
  ],
  "confusion_matrix": [
    [
      3370,
      0
    ],
    [
      3398,
      0
    ]
  ],
  "tn": 3370,
  "fp": 0,
  "fn": 3398,
  "tp": 0
}