{
  "loss": 1.3089752295429689,
  "accuracy": 0.6418439716312057,
  "precision": 0.6870199692780338,
  "recall": 0.5264861683343143,
  "f1": 0.5961346217927358,
  "kappa": 0.284370360909466,
  "auc": 0.6980070752039513,
  "log_loss": 1.3089752290016614,
  "confusion_matrix_labels": [
    "real",
    "fake"
  ],
  "confusion_matrix": [
    [
      2555,
      815
    ],
    [
      1609,
      1789
    ]
  ],
  "tn": 2555,
  "fp": 815,
  "fn": 1609,
  "tp": 1789
}