grupo,n_muestras,acc,f1,auc,tn,fp,fn,tp
general,6768,0.6418439716312057,0.5961346217927358,0.6980070752039513,2555,815,1609,1789
