{
  "loss": 0.28583251184433195,
  "accuracy": 0.9016979445933869,
  "precision": 0.9916954557533882,
  "recall": 0.8894649028721249,
  "f1": 0.9378023496890118,
  "kappa": 0.7067456106874439,
  "auc": 0.976560345267889,
  "log_loss": 0.2858325120513452,
  "confusion_matrix_labels": [
    "real",
    "fake"
  ],
  "confusion_matrix": [
    [
      3235,
      125
    ],
    [
      1855,
      14927
    ]
  ],
  "tn": 3235,
  "fp": 125,
  "fn": 1855,
  "tp": 14927
}