{
  "loss": 0.9089653237322912,
  "accuracy": 0.6486406619385343,
  "precision": 0.6897321428571429,
  "recall": 0.5456150676868746,
  "f1": 0.6092671705553729,
  "kappa": 0.2978787561511883,
  "auc": 0.7055786000841828,
  "log_loss": 0.9089653194135656,
  "confusion_matrix_labels": [
    "real",
    "fake"
  ],
  "confusion_matrix": [
    [
      2536,
      834
    ],
    [
      1544,
      1854
    ]
  ],
  "tn": 2536,
  "fp": 834,
  "fn": 1544,
  "tp": 1854
}