{
  "loss": 0.25152743905427266,
  "accuracy": 0.8863568662496276,
  "precision": 0.9813351046164065,
  "recall": 0.8803479918960792,
  "f1": 0.9281025222225712,
  "kappa": 0.6608797448128987,
  "auc": 0.9581105890097668,
  "log_loss": 0.25152743849831455
}