grupo,n_muestras,acc,f1,auc,tn,fp,fn,tp
general,20142,0.9236917883030483,0.9522863440225996,0.9858219779837808,3267,93,1444,15338
real,3360,0.9723214285714286,0.0,0.0,3267,93,0,0
fake,16782,0.9139554284352283,0.9550435865504359,0.0,0,0,1444,15338
fake_Deepfakes,3349,0.9208719020603165,0.9588061557593658,0.0,0,0,265,3084
fake_Face2Face,3359,0.9577255135456981,0.9784063260340633,0.0,0,0,142,3217
fake_FaceShifter,3360,0.9324404761904762,0.965039273063299,0.0,0,0,227,3133
fake_FaceSwap,3356,0.9618593563766389,0.9805589307411907,0.0,0,0,128,3228
fake_NeuralTextures,3358,0.7969029184038118,0.8869738150480609,0.0,0,0,682,2676
promedio_fake_tecnicas,16782,0.9139600333153883,0.9539569001291959,0.0,0,0,1444,15338
