{
  "loss": 0.23826892434217592,
  "accuracy": 0.9236917883030483,
  "precision": 0.9939731708897673,
  "recall": 0.9139554284352283,
  "f1": 0.9522863440225996,
  "kappa": 0.7635116594181499,
  "auc": 0.9858219779837808,
  "log_loss": 0.23826892444408515,
  "confusion_matrix_labels": [
    "real",
    "fake"
  ],
  "confusion_matrix": [
    [
      3267,
      93
    ],
    [
      1444,
      15338
    ]
  ],
  "tn": 3267,
  "fp": 93,
  "fn": 1444,
  "tp": 15338
}