{
  "loss": 0.9753908993457863,
  "accuracy": 0.6578014184397163,
  "precision": 0.7204563977180114,
  "recall": 0.5203060623896409,
  "f1": 0.6042378673957621,
  "kappa": 0.31638009447618887,
  "auc": 0.7298807729455099,
  "log_loss": 0.9753908968818943,
  "confusion_matrix_labels": [
    "real",
    "fake"
  ],
  "confusion_matrix": [
    [
      2684,
      686
    ],
    [
      1630,
      1768
    ]
  ],
  "tn": 2684,
  "fp": 686,
  "fn": 1630,
  "tp": 1768
}