grupo,n_muestras,acc,f1,auc,tn,fp,fn,tp
general,6768,0.6578014184397163,0.6042378673957621,0.7298807729455099,2684,686,1630,1768
