grupo,n_muestras,acc,f1,auc,tn,fp,fn,tp
general,20142,0.1668652566775891,0.00011916820592265983,0.5000297938267191,3360,0,16781,1
real,3360,1.0,0.0,0.0,3360,0,0,0
fake,16782,5.9587653438207606e-05,0.00011916820592265983,0.0,0,0,16781,1
fake_Deepfakes,3349,0.0,0.0,0.0,0,0,3349,0
fake_Face2Face,3359,0.0,0.0,0.0,0,0,3359,0
fake_FaceShifter,3360,0.0,0.0,0.0,0,0,3360,0
fake_FaceSwap,3356,0.0002979737783075089,0.0005957700327673518,0.0,0,0,3355,1
fake_NeuralTextures,3358,0.0,0.0,0.0,0,0,3358,0
promedio_fake_tecnicas,16782,5.959475566150178e-05,0.00011915400655347036,0.0,0,0,16781,1
