{
  "loss": 0.6937805514280709,
  "accuracy": 0.1668652566775891,
  "precision": 1.0,
  "recall": 5.9587653438207606e-05,
  "f1": 0.00011916820592265983,
  "kappa": 1.9881090840834226e-05,
  "auc": 0.5000297938267191,
  "log_loss": 0.6937805744666125,
  "confusion_matrix_labels": [
    "real",
    "fake"
  ],
  "confusion_matrix": [
    [
      3360,
      0
    ],
    [
      16781,
      1
    ]
  ],
  "tn": 3360,
  "fp": 0,
  "fn": 16781,
  "tp": 1
}